3,皮皮鸡
16,壶小象
24,喵斯特
1,棉悠悠
2,捣蛋猫
18,米露菲
14,玉藻狐
4,舉叶鼠
32,吊缚灵
7,伏特喵
70,融焰娘
5,火绒狐
15,啼卡尔
17,瞅什魔
12,雷棘鼠
10,企丸丸
27,炸蛋鸟
6,冲浪鸭
30,荆棘魔仙
39,姬小兔
53,毛掸儿
23,勾魂鱿
28,波娜兔
81,水灵儿
8,新叶猿
13,叶泥泥
19,寐魔
22,遁地鼠
62,雷鸣童子
34,棉花糖
21,露娜蒂
76,焰巫狐
9,燎火鹿
66,噬魂兽
20,草莽猪
45,朋克蜥
63,秘斯婕雅
31,鲨小子
44,黑鸦隐士
50, 骑士蜂
26,猎狼
78,薇莉塔
49,铁拳猿
47,天擒鸟
48,羽箭射手
94,夜幕魔蝠
77,踏春兔
93,云海鹿
46,月镰魔
69,博爱蜥
35,灌木羊
37,紫霞鹿
29,波霸牛
43,趴趴鲶
36,美露帕
59,严冬鹿
25,鲁米儿
86,连理龙
67,碎岩龟
61,苍焰狼
64,花冠龙
55,疾旋鼬
42,炽焰牛
87,花丽娜
57,吹雪狐
68,猫蝠怪
60, 霹雳犬
84, 狱焰王
75,暗巫猫
56,雷角马
71,烽歌龙
72,浪刃武士
40,炎魔羊
100,阿努比斯
65,滑水蛇
80,精灵龙
11,企丸王
52,笑魇猫
82,碧海龙
41,幻悦蝶
89,君王美露帕
91,白绒雪怪
79,绸笠蛾
33,叶胖达
38,疾风隼
54,毛老爹
74,燧火鸟
105,荷鲁斯
58,火麒麟
95,天羽龙
92,铠格力斯
51,女皇蜂
88,熔岩兽
101,覆海龙
90,森猛犸
85,佩克龙
99,冥铠蝎
104,百合女王
73,迅雷鸟
103,暴电熊
97,雷冥鸟
98,魔渊龙
106,波鲁杰克斯
83,冰棘兽
110,唤冬兽
111,空涡龙
108,圣光骑士
109,混沌骑士
107,异构格里芬
102,朱雀
96,焰煌
